vehicle_id,type,capacity,agency,status,district,latitude,longitude
V1,Jeep,66,Private,Available,Mumbai,19.221906431829154,72.93533676525786
V2,Ambulance,20,Govt,In Use,Mumbai,19.030164525321382,72.84410154074266
V3,Ambulance,10,NGO,In Use,Mumbai,18.908793969965824,72.75736291586117
V4,Ambulance,28,Govt,Available,Mumbai,18.866889072496985,73.00299372136507
V5,Truck,35,Private,Available,Mumbai,19.276653583791187,72.76137030884156
V6,Truck,45,Private,Available,Mumbai,18.83633279379058,72.95834689438641
V7,Bus,69,NGO,Under Maintenance,Mumbai,18.899546709967964,72.93871782794456
V8,Ambulance,16,Private,Available,Mumbai,18.973911173716523,73.08908514170223
V9,Jeep,52,NGO,In Use,Mumbai,19.11011742448056,72.91947459877167
V10,Jeep,14,NGO,Available,Mumbai,19.07240054263805,72.77226050273222
V11,Ambulance,50,Govt,In Use,Mumbai,18.86282174620616,72.94309078873226
V12,Ambulance,71,Govt,Available,Mumbai,18.94486399186911,73.04438365971563
V13,Ambulance,57,NGO,Available,Mumbai,18.919375885543012,73.09889724949849
V14,Truck,77,NGO,In Use,Mumbai,18.90677142724517,72.90062011079117
V15,Truck,52,Govt,In Use,Mumbai,19.005572168239993,72.86210455987386
V16,Truck,38,Private,In Use,Mumbai,19.15201572629583,73.06732865393319
V17,Boat,18,Govt,Available,Mumbai,18.908726466108618,72.81693474517664
V18,Jeep,59,NGO,In Use,Mumbai,18.98333943985149,72.96540012026152
V19,Jeep,30,NGO,Available,Mumbai,18.995458713420582,72.89200004846333
V20,Bus,34,NGO,Available,Mumbai,19.288228264717706,72.76437882773445
V21,Truck,61,NGO,Available,Mumbai,19.277333178439534,72.87155096600699
V22,Boat,56,Govt,Available,Mumbai,19.20006879137604,72.84282998287594
V23,Boat,11,Govt,Available,Mumbai,18.920829460409593,72.99013190388021
V24,Jeep,48,NGO,Under Maintenance,Mumbai,18.834018657045835,73.08207667419217
V25,Truck,24,NGO,Available,Mumbai,18.958452068860314,72.84381651558252
V26,Bus,22,Govt,In Use,Mumbai,18.933397274716917,73.03401307870308
V27,Truck,14,NGO,Available,Mumbai,19.052962900073197,72.76937593592844
V28,Ambulance,34,Govt,Available,Mumbai,19.1888639550339,72.93834235351393
V29,Truck,25,NGO,Available,Mumbai,19.22916146943943,72.77469252229847
V30,Ambulance,12,Private,Under Maintenance,Mumbai,19.222432042705254,73.07691154689572
V31,Ambulance,18,Govt,In Use,Mumbai,18.979837780611536,73.01822294819509
V32,Bus,69,Govt,Under Maintenance,Mumbai,19.14361717173034,72.9802824689216
V33,Jeep,48,NGO,Under Maintenance,Mumbai,18.95641709876211,73.03836373356863
V34,Truck,26,NGO,Available,Mumbai,18.83045277161759,72.97663192844955
V35,Ambulance,74,NGO,Available,Mumbai,19.150782632801473,73.089130539011
V36,Truck,22,Private,In Use,Mumbai,18.804913776284895,72.99988528175267
V37,Jeep,13,Private,Available,Mumbai,19.004591293729245,73.07363051335378
V38,Jeep,38,Private,Available,Mumbai,18.964689634651037,72.93099616220373
V39,Boat,43,NGO,Available,Mumbai,19.146688769259427,72.79097254454365
V40,Jeep,18,Govt,Available,Mumbai,19.18312273638019,72.93486220249805
V41,Bus,49,Govt,Available,Mumbai,18.95204731798564,72.79440548982208
V42,Ambulance,29,Govt,Available,Mumbai,19.205813507222427,72.95737271771173
V43,Boat,42,NGO,Available,Mumbai,18.946958380252468,72.91887257118468
V44,Bus,48,Govt,Available,Mumbai,19.023163179993283,72.96790138924148
V45,Truck,19,Private,Available,Mumbai,19.163509263507066,72.7535164433692
V46,Ambulance,79,NGO,Available,Mumbai,19.146460114612395,72.81819417207937
V47,Jeep,72,NGO,In Use,Mumbai,19.2936842361561,72.92196565116924
V48,Ambulance,14,Govt,Available,Mumbai,18.912580512107965,73.08267624655619
V49,Truck,14,Govt,Available,Mumbai,19.13115895676979,72.8842631641243
V50,Boat,32,Govt,In Use,Mumbai,19.104840954137888,72.89853020911877
V51,Boat,3,Govt,Available,Mumbai,19.257549227245015,73.00014363115231
V52,Boat,17,Govt,Available,Mumbai,18.87818107082244,72.96132746505013
V53,Jeep,10,NGO,In Use,Mumbai,19.175899081793467,72.85462415253441
V54,Bus,74,Private,Available,Mumbai,19.084134308134384,72.8937857384486
V55,Bus,39,Private,In Use,Mumbai,18.937332934893952,72.82619492960004
V56,Ambulance,76,NGO,In Use,Mumbai,19.037217457073588,73.08810751069556
V57,Jeep,55,Govt,In Use,Mumbai,18.9668882985349,72.79572203354508
V58,Boat,57,Private,Available,Mumbai,19.08965670139423,72.88014287459825
V59,Boat,46,Private,Available,Mumbai,19.244500305407335,72.759043640277
V60,Truck,35,Govt,Available,Mumbai,19.0846524922061,72.82762282217674
V61,Truck,10,NGO,Available,Mumbai,19.115861209163292,73.02316489843305
V62,Boat,9,Govt,Available,Mumbai,19.059373923557356,72.8204113313011
V63,Boat,8,Private,Available,Mumbai,18.82558275322274,72.77802219088514
V64,Jeep,37,Private,Available,Mumbai,18.91642927843805,72.91605861294558
V65,Bus,19,Govt,Available,Mumbai,19.046000864716042,72.75348923215708
V66,Truck,4,Private,Available,Mumbai,18.955117641872352,72.77966815404922
V67,Bus,29,NGO,Available,Mumbai,18.8908817988806,73.03266905434704
V68,Jeep,71,Private,In Use,Mumbai,19.05206642095922,73.02001567070086
V69,Boat,45,Govt,Available,Mumbai,18.961404896723927,73.0702985871417
V70,Bus,22,Private,Available,Mumbai,18.92905382158671,73.04908040256876
V71,Boat,29,Govt,Under Maintenance,Mumbai,19.031992708720193,72.98911144713394
V72,Boat,55,Govt,Available,Mumbai,18.866642129041086,72.76831650005523
V73,Ambulance,55,Govt,Available,Mumbai,19.263872866537703,73.02399701629533
V74,Bus,66,Private,Available,Mumbai,19.23385104895962,73.0459287837942
V75,Bus,22,Private,In Use,Mumbai,19.15381029287027,73.02967875102019
V76,Boat,14,Private,Available,Mumbai,18.853106913794228,72.9279676623578
V77,Jeep,58,Private,Available,Mumbai,19.187938627234846,72.83151564352731
V78,Ambulance,50,Govt,Available,Mumbai,19.20397866405451,73.04586549149104
V79,Boat,55,Govt,In Use,Mumbai,19.183882308857168,73.00450698340904
V80,Truck,11,Govt,Available,Mumbai,18.856982943559622,73.0932664110361
V81,Truck,54,Govt,Available,Mumbai,19.121953978533885,72.80449240921457
V82,Ambulance,45,Govt,In Use,Mumbai,19.2171623978747,72.82898260406822
V83,Jeep,48,Govt,Available,Mumbai,19.088676700609835,72.82412935245853
V84,Boat,54,Govt,In Use,Mumbai,19.123203687614044,73.02738891866747
V85,Bus,75,Govt,Available,Mumbai,19.029181739713152,72.81541755375754
V86,Ambulance,47,Govt,In Use,Mumbai,19.06435365994203,72.77333094043816
V87,Jeep,14,Govt,Available,Mumbai,18.817188429175864,73.09949628230497
V88,Bus,38,Private,In Use,Mumbai,19.119481510986642,72.7586860240058
V89,Truck,25,NGO,Under Maintenance,Mumbai,18.84072360644558,73.0423354210556
V90,Truck,3,Private,Available,Mumbai,19.017507297170113,72.87787839454272
V91,Bus,15,Govt,Available,Mumbai,18.946327548833704,73.04456541091523
V92,Ambulance,11,Govt,Available,Mumbai,19.072713975105856,72.94411717192389
V93,Truck,36,NGO,Available,Mumbai,18.866708167761605,73.06557093032022
V94,Boat,26,Govt,Available,Mumbai,19.14582170098666,73.07416754524512
V95,Bus,4,Govt,Available,Mumbai,19.197505768464236,72.75318436344827
V96,Bus,18,Govt,Available,Mumbai,18.88167722487158,72.77639426159747
V97,Truck,13,Govt,Available,Mumbai,18.852156543675942,72.8376255553498
V98,Ambulance,55,Govt,Available,Mumbai,18.87275774139368,72.98426039572722
V99,Boat,25,Govt,In Use,Mumbai,19.238563780949253,73.06089526877902
V100,Ambulance,30,NGO,Available,Mumbai,19.064094630878177,72.91097968295288
V101,Jeep,44,Govt,Available,Mumbai,19.033630498003753,72.96244059069599
V102,Jeep,26,Govt,Available,Mumbai,18.853355909551176,72.81597494847844
V103,Truck,61,Private,Available,Mumbai,19.12477800337848,73.03173839185858
V104,Truck,66,Govt,Available,Mumbai,19.233999795947547,73.08856483897371
V105,Truck,29,Govt,Available,Mumbai,19.21409293466173,72.8440096265201
V106,Jeep,17,Private,Available,Mumbai,19.113027354490402,72.9231890830602
V107,Ambulance,48,Govt,In Use,Mumbai,18.837639358325838,72.78014063867722
V108,Ambulance,59,Govt,Available,Mumbai,18.85619851358801,72.94569782976204
V109,Truck,77,Govt,In Use,Mumbai,18.824654493554913,72.92597420464634
V110,Boat,28,Govt,In Use,Mumbai,18.928739608246236,72.80055276945427
V111,Ambulance,54,NGO,In Use,Mumbai,18.86783073358019,72.90472317459133
V112,Jeep,43,Private,Under Maintenance,Mumbai,18.93002402012622,72.86693662823029
V113,Bus,60,Govt,Available,Mumbai,18.992529027859483,72.93264080635682
V114,Bus,48,NGO,Available,Mumbai,19.271491392035568,72.95497901740008
V115,Bus,35,NGO,In Use,Mumbai,19.105188029890847,72.75297345251252
V116,Boat,38,Govt,Available,Mumbai,19.21748689284148,73.01635209403234
V117,Truck,7,NGO,Available,Mumbai,19.155175750356168,72.99955500215161
V118,Jeep,8,Govt,In Use,Mumbai,18.856251565263317,72.87820023517229
V119,Boat,26,Govt,In Use,Mumbai,19.167960203186976,72.76852757744909
V120,Jeep,34,Govt,Under Maintenance,Mumbai,18.937549440779563,73.01422638892477
V121,Jeep,56,Govt,Under Maintenance,Mumbai,19.119553923497353,73.08431130616734
V122,Truck,59,Govt,In Use,Mumbai,18.970480986821496,72.83405305860771
V123,Bus,8,Private,Available,Mumbai,19.29883613163233,72.86323361480797
V124,Truck,58,Govt,In Use,Mumbai,18.93177573974839,72.81433451131863
V125,Boat,13,Govt,Available,Mumbai,18.939565235387136,72.95192764317069
V126,Boat,17,Govt,Available,Mumbai,19.2653361277812,72.80419448812661
V127,Boat,44,NGO,In Use,Mumbai,18.81232220231816,72.87466788021148
V128,Truck,78,NGO,Available,Mumbai,19.148344493936598,72.99395455487699
V129,Jeep,8,NGO,Available,Mumbai,19.16266319536794,72.94604059405327
V130,Jeep,52,NGO,Available,Mumbai,19.2181892887052,72.88526189751478
V131,Ambulance,74,Private,In Use,Mumbai,19.287219655319237,72.89708736063264
V132,Boat,33,Govt,Available,Mumbai,19.287800959578327,72.94673880891813
V133,Jeep,76,NGO,In Use,Mumbai,18.832638378783233,72.7520526547605
V134,Ambulance,9,Private,Available,Mumbai,19.21091966137645,72.77747845395876
V135,Jeep,73,Private,In Use,Mumbai,19.123154966828693,73.05844032371705
V136,Boat,46,Private,In Use,Mumbai,19.123671067186546,72.77725764618195
V137,Bus,60,Govt,Available,Mumbai,18.86417496330735,72.99738125867367
V138,Boat,5,Govt,Available,Mumbai,19.125093583222828,73.07201335743817
V139,Truck,68,Govt,Available,Mumbai,19.291241290300626,72.84473926150561
V140,Jeep,30,NGO,Under Maintenance,Mumbai,19.255909284769725,72.87967200297082
V141,Jeep,30,Govt,In Use,Mumbai,19.019565330402425,72.94912249204565
V142,Truck,29,Govt,Under Maintenance,Mumbai,18.81997398664305,73.0585981393735
V143,Truck,78,Private,Available,Mumbai,18.981146745000103,73.07966695554114
V144,Bus,45,Govt,In Use,Mumbai,19.21319515580028,73.00884713683894
V145,Jeep,5,Private,In Use,Mumbai,19.150749550732584,72.78031691629914
V146,Jeep,10,Govt,In Use,Mumbai,19.029671827796978,72.98420395443719
V147,Bus,6,Govt,Under Maintenance,Mumbai,18.827550767579417,72.89360630265543
V148,Ambulance,57,Govt,Available,Mumbai,19.013447363911652,72.91474534982187
V149,Bus,51,NGO,Available,Mumbai,19.034512469858942,72.76720193662081
V150,Boat,76,Govt,In Use,Mumbai,19.26427776644707,72.81687174877122
V151,Jeep,16,Govt,In Use,Mumbai,19.12054305179108,73.02667976263677
V152,Truck,33,Private,Available,Mumbai,18.955826458327326,72.90888559156674
V153,Boat,29,Govt,Available,Mumbai,19.062659132225363,72.8555817845709
V154,Jeep,23,NGO,Available,Mumbai,18.83302765391108,72.88440667588773
V155,Bus,18,NGO,Available,Mumbai,19.28628411782487,73.04903982966398
V156,Boat,60,Govt,Available,Mumbai,18.980029950965363,73.01214965609174
V157,Jeep,72,NGO,In Use,Mumbai,19.03893367745657,72.84531038901338
V158,Ambulance,58,Govt,In Use,Mumbai,18.977641987118464,72.79112564407433
V159,Ambulance,27,NGO,Available,Mumbai,19.1412558650581,72.83819937757542
V160,Truck,26,Govt,Available,Mumbai,19.131116079164798,73.07226475786915
V161,Jeep,11,NGO,Available,Mumbai,19.15766115526457,72.95355609324741
V162,Ambulance,46,Govt,Available,Mumbai,18.934071614805962,72.93671807306067
V163,Bus,12,NGO,In Use,Mumbai,18.957834240582034,72.95873775989236
V164,Jeep,78,Govt,Under Maintenance,Mumbai,18.862625615548104,72.87810989301128
V165,Bus,54,Govt,Available,Mumbai,19.12775498592306,73.03248745711183
V166,Bus,73,Govt,In Use,Mumbai,18.819898563667827,72.93315018725508
V167,Ambulance,69,Govt,In Use,Mumbai,19.09884116776173,72.79086176596908
V168,Jeep,29,Private,In Use,Mumbai,19.234847942425816,72.79517279369017
V169,Boat,76,Govt,Available,Mumbai,19.245416074144817,72.93790070127591
V170,Ambulance,66,Private,Under Maintenance,Mumbai,19.02451888018498,73.0777995763248
V171,Ambulance,50,Private,Available,Mumbai,19.02965184410654,72.85792324258666
V172,Jeep,48,NGO,Available,Mumbai,18.83848459150401,73.05433940910072
V173,Jeep,53,Govt,Available,Mumbai,19.13538251272152,73.01743345530261
V174,Bus,55,Govt,Available,Mumbai,19.210629710186424,72.83673435501741
V175,Jeep,61,NGO,Available,Mumbai,18.922327527302357,72.76271926191069
V176,Bus,58,Govt,Available,Mumbai,19.010650440816683,72.78564654279984
V177,Ambulance,48,Govt,Available,Mumbai,19.219419668382635,73.0049728768466
V178,Truck,32,NGO,In Use,Mumbai,19.238560233831144,72.81988440831422
V179,Boat,47,Private,In Use,Mumbai,18.921589990132112,72.87994482217688
V180,Ambulance,27,NGO,Available,Mumbai,19.075285317270684,72.92559470810225
V181,Jeep,6,Govt,In Use,Mumbai,18.896246575317914,73.00391385895755
V182,Boat,53,NGO,In Use,Mumbai,18.85093938206978,72.7896309281407
V183,Truck,76,Govt,In Use,Mumbai,19.25556025069598,72.8922282418471
V184,Truck,55,Govt,Available,Mumbai,19.210253752116056,72.91977551819994
V185,Bus,34,Private,In Use,Mumbai,19.180017450901587,72.93928947239003
V186,Boat,51,Govt,Under Maintenance,Mumbai,18.824383159406572,73.03642622448832
V187,Bus,39,Govt,In Use,Mumbai,19.22186439635513,72.81008736826513
V188,Ambulance,28,Govt,Available,Mumbai,19.01902203795269,73.03274100813931
V189,Boat,16,Private,Available,Mumbai,18.97119756164793,72.99250744969382
V190,Ambulance,62,NGO,In Use,Mumbai,19.07323818051269,72.94455478496964
V191,Bus,22,NGO,Available,Mumbai,18.84567662136178,72.99483475464089
V192,Boat,47,NGO,Available,Mumbai,19.1783232746762,72.89420620863308
V193,Bus,70,Govt,Available,Mumbai,19.09121753844415,72.79843915508884
V194,Boat,7,Govt,In Use,Mumbai,18.893295048436585,72.98301783409288
V195,Bus,39,Govt,In Use,Mumbai,18.894116099884524,72.93363530733997
V196,Truck,63,Govt,Available,Mumbai,18.892124325786337,72.97378118018997
V197,Bus,63,Govt,Under Maintenance,Mumbai,18.828501193775967,72.86829957335996
V198,Truck,79,Private,Available,Mumbai,19.093899224685842,73.06740330206894
V199,Bus,75,Govt,In Use,Mumbai,19.220174088794256,72.95557945400145
V200,Boat,47,Govt,In Use,Mumbai,18.808749106993695,72.7798908695018
V201,Boat,14,Govt,In Use,Mumbai,18.82450232248564,72.90743139674655
V202,Boat,4,Govt,Under Maintenance,Mumbai,19.086385138343473,73.01472461916026
V203,Jeep,7,Private,Available,Mumbai,19.209747842693027,73.0279470966063
V204,Ambulance,9,Govt,In Use,Mumbai,18.963369445284318,72.92310896846732
V205,Boat,45,Govt,Available,Mumbai,18.974807199403863,73.06316164979096
V206,Truck,34,NGO,In Use,Mumbai,19.098173248748388,72.843683953018
V207,Boat,76,Govt,In Use,Mumbai,18.937106444562072,72.89370954403338
V208,Jeep,78,Govt,In Use,Mumbai,18.81330418303884,73.06450891869913
V209,Truck,51,Govt,Available,Mumbai,19.167614259050797,73.06368985076504
V210,Jeep,12,NGO,In Use,Mumbai,19.112824956470728,72.98999946908863
V211,Truck,29,Private,Available,Mumbai,19.09037799952783,73.05064319149277
V212,Bus,71,NGO,Available,Mumbai,19.17084206449591,72.78107064343467
V213,Ambulance,42,Govt,In Use,Mumbai,19.13761541878102,73.05274824167272
V214,Ambulance,17,Private,Available,Mumbai,18.90294099408916,72.86221696729258
V215,Jeep,69,Govt,In Use,Mumbai,18.976240523471677,72.81241602934988
V216,Ambulance,49,Govt,Available,Mumbai,18.863055070839312,72.83377944271972
V217,Jeep,57,Govt,Available,Mumbai,18.864928506708942,72.89628897780486
V218,Jeep,65,Govt,In Use,Mumbai,19.13809787317827,72.83791720161156
V219,Jeep,60,NGO,Available,Mumbai,19.22930005349125,72.86219865510577
V220,Ambulance,63,NGO,Available,Mumbai,19.28136629193057,72.79724247012507
V221,Jeep,77,Private,In Use,Mumbai,19.114173558774723,72.85366186794565
V222,Ambulance,12,NGO,Available,Mumbai,18.89205066168048,72.9502993350897
V223,Jeep,19,NGO,In Use,Mumbai,18.852825172724465,72.90464879783187
V224,Boat,20,Govt,Available,Mumbai,19.206425485768378,72.87135156643257
V225,Jeep,56,Govt,In Use,Mumbai,19.08937823818,73.01125824509998
V226,Truck,27,NGO,In Use,Mumbai,19.10914251050686,73.06272848998766
V227,Jeep,7,Govt,In Use,Mumbai,19.190731044377355,73.01487622801584
V228,Bus,5,Private,Available,Mumbai,19.151638613866226,72.86620024574118
V229,Jeep,30,Govt,In Use,Mumbai,19.217229126428048,73.01055475874314
V230,Truck,60,Govt,In Use,Mumbai,18.82810695272994,72.80319306386592
V231,Truck,18,Govt,In Use,Mumbai,19.173760318373255,72.79561129583195
V232,Ambulance,44,Govt,Available,Mumbai,19.225426378661048,72.87096946296265
V233,Boat,67,Govt,In Use,Mumbai,18.943067521229157,73.03269582916542
V234,Jeep,35,NGO,In Use,Mumbai,19.120223636996627,72.8362218865348
V235,Ambulance,9,Govt,Available,Mumbai,18.957081031918488,72.77213869311454
V236,Boat,14,NGO,Available,Mumbai,19.27898553324123,72.79609833732222
V237,Jeep,9,Govt,In Use,Mumbai,18.816711786217752,73.05056073898535
V238,Bus,66,Govt,Available,Mumbai,19.089896421916478,72.97182414966154
V239,Jeep,44,Govt,Under Maintenance,Mumbai,18.88325177352476,72.83862040717949
V240,Truck,40,Private,In Use,Mumbai,19.15611010258858,72.94435353886486
V241,Truck,60,Govt,In Use,Mumbai,18.88794514170933,72.93465286784887
V242,Bus,45,NGO,Available,Mumbai,18.91769163094918,72.97940259245422
V243,Ambulance,10,Govt,Available,Mumbai,19.047185405522878,72.83161564404756
V244,Boat,38,NGO,Under Maintenance,Mumbai,19.25741747499844,73.05254104551804
V245,Jeep,75,Govt,Available,Mumbai,18.905857186073987,72.858278996728
V246,Truck,37,NGO,In Use,Mumbai,18.87212001055905,72.99294607889168
V247,Ambulance,29,NGO,Available,Mumbai,19.179488415927015,72.75564362623028
V248,Bus,43,Private,Available,Mumbai,19.050309766166965,72.88042999546295
V249,Truck,44,Govt,Available,Mumbai,19.255892556190886,72.87309843628559
V250,Bus,43,Govt,Available,Mumbai,18.873307278579922,72.94021955000404
V251,Jeep,67,Govt,Under Maintenance,Mumbai,19.122963946511522,72.77545769162202
V252,Boat,56,Private,Available,Mumbai,18.91643957307591,73.02654598080413
V253,Truck,73,NGO,Available,Mumbai,18.87838021432582,72.82622328061865
V254,Truck,49,NGO,Available,Mumbai,19.141714707578636,72.9869632352087
V255,Jeep,23,Govt,Available,Mumbai,19.09684230995437,73.03112424313542
V256,Ambulance,28,Govt,Available,Mumbai,19.177413729181165,72.94665693468453
V257,Boat,68,Govt,In Use,Mumbai,18.95473128822309,73.00930912235269
V258,Truck,14,Private,Available,Mumbai,19.023985828191094,72.98165110927525
V259,Boat,46,NGO,Available,Mumbai,19.00273583816521,72.8744354290032
V260,Truck,11,Private,Available,Mumbai,19.292044731983257,73.03310048866174
V261,Boat,10,Govt,Under Maintenance,Mumbai,18.946124478369693,72.85314547945994
V262,Bus,55,NGO,Available,Mumbai,18.947408619173384,72.94992452121303
V263,Truck,28,NGO,Available,Mumbai,18.977274104414306,73.01088920869954
V264,Boat,35,Govt,In Use,Mumbai,19.082297040645162,72.88263456843437
V265,Ambulance,2,Private,Available,Mumbai,18.926161372131872,72.8559686626661
V266,Bus,33,Private,Available,Mumbai,19.257644970189638,72.91077110356049
V267,Bus,72,Private,Available,Mumbai,18.932842782433134,73.0362872230222
V268,Ambulance,68,NGO,In Use,Mumbai,19.2479078657801,73.07547261710097
V269,Boat,21,Govt,Available,Mumbai,18.851737531823293,72.94077919450096
V270,Jeep,36,Govt,In Use,Mumbai,19.128281351199828,72.98151317186327
V271,Ambulance,79,Private,In Use,Mumbai,19.25349275921912,73.06614576778361
V272,Boat,18,Govt,Available,Mumbai,18.884374719199116,72.78449139799453
V273,Ambulance,19,NGO,Available,Mumbai,19.284163480049628,72.83122750225316
V274,Ambulance,46,NGO,Available,Mumbai,19.026441680207757,72.99811500218804
V275,Truck,54,NGO,In Use,Mumbai,19.27285755422051,73.0383105616693
V276,Boat,69,Private,Available,Mumbai,19.138410021815023,73.0499601599157
V277,Jeep,66,Govt,Available,Mumbai,18.950793434936777,72.89528751189923
V278,Truck,2,Govt,Available,Mumbai,18.894151262458553,72.78126896580216
V279,Ambulance,59,Govt,Under Maintenance,Mumbai,18.95186752311255,72.90322351705487
V280,Ambulance,27,Govt,Available,Mumbai,18.84650870463134,72.83075710657246
V281,Ambulance,21,Govt,Under Maintenance,Mumbai,18.871933983171665,72.85191875924882
V282,Boat,11,Govt,Available,Mumbai,18.85233022017324,73.02029364489313
V283,Boat,60,Private,Available,Mumbai,19.01147177187078,72.77643448010906
V284,Truck,76,Private,Available,Mumbai,19.197789188128795,73.03965342611824
V285,Jeep,42,Govt,Available,Mumbai,18.87069177710817,72.89968418003846
V286,Truck,6,Govt,Available,Mumbai,18.86516021658617,72.9586223758852
V287,Bus,66,Private,Available,Mumbai,19.121714474758665,72.78137828093249
V288,Ambulance,18,Govt,Under Maintenance,Mumbai,18.898591490984035,72.86807567742504
V289,Ambulance,23,Govt,In Use,Mumbai,18.848805019054495,72.7813953216552
V290,Ambulance,42,Govt,In Use,Mumbai,18.88342428910279,73.08654030300838
V291,Truck,69,NGO,Available,Mumbai,19.26186569793839,73.03254157726418
V292,Truck,70,Govt,Available,Mumbai,19.210735626388097,72.91087146402477
V293,Ambulance,12,Private,Available,Mumbai,18.977032281177546,72.82826089191329
V294,Truck,57,Govt,In Use,Mumbai,19.127910383663696,73.07670928683744
V295,Boat,52,NGO,Under Maintenance,Mumbai,19.06863783683402,72.87060880850444
V296,Boat,22,Govt,Available,Mumbai,19.13856213174128,72.80634455109058
V297,Truck,77,Govt,Available,Mumbai,19.14133557623138,72.94710753595888
V298,Ambulance,27,NGO,Available,Mumbai,19.114367007529996,73.08032094212068
V299,Truck,20,NGO,Available,Mumbai,18.933050684268654,72.75134060167511
V300,Truck,61,NGO,Available,Mumbai,18.81950321038141,72.8333436951389
V301,Truck,72,NGO,In Use,Mumbai,19.027783390995054,73.07845667414364
V302,Bus,48,Private,In Use,Mumbai,19.24548694234535,72.8098800884
V303,Boat,72,Private,Available,Mumbai,19.084748629259288,72.78963520807393
V304,Jeep,27,NGO,Available,Mumbai,19.216195520850956,72.94956552552993
V305,Jeep,41,Govt,Under Maintenance,Mumbai,19.295812171480616,73.05164533815318
V306,Bus,6,Govt,Available,Mumbai,18.88180810206914,72.91698843619287
V307,Truck,22,Govt,Available,Mumbai,19.14588881957099,73.09809748983957
V308,Bus,79,NGO,Available,Mumbai,19.137146786850014,72.98771009483829
V309,Bus,5,Govt,Available,Mumbai,19.28997772367914,72.77592621752366
V310,Ambulance,24,Govt,Available,Mumbai,19.2928003669764,73.09749124608868
V311,Boat,16,Private,In Use,Mumbai,19.143339305862064,72.89276298287307
V312,Jeep,9,Private,Available,Mumbai,18.9218073959911,72.85059088684592
V313,Truck,42,Private,Available,Mumbai,19.1992779190653,72.94525771425225
V314,Jeep,20,Govt,In Use,Mumbai,18.85351456710552,72.8565076571373
V315,Jeep,47,NGO,Available,Mumbai,19.190349652085814,72.78026012749206
V316,Boat,29,Govt,In Use,Mumbai,19.25509806207235,72.75049992007771
V317,Jeep,69,Govt,In Use,Mumbai,18.991416697384217,72.9073541735221
V318,Jeep,16,Govt,Available,Mumbai,19.11531764749154,73.0429021977793
V319,Bus,38,Govt,In Use,Mumbai,19.015071366048414,72.95031031497052
V320,Boat,2,Govt,Available,Mumbai,19.018882527494064,73.0997225546302
V321,Ambulance,68,Private,Under Maintenance,Mumbai,18.95518544455406,72.85039632597652
V322,Truck,25,Govt,Available,Mumbai,19.181064810225163,72.84815927266602
V323,Jeep,28,NGO,Under Maintenance,Mumbai,19.268088282083255,72.80591231108188
V324,Truck,41,NGO,In Use,Mumbai,19.270375429617232,72.80742225589286
V325,Ambulance,64,Govt,Available,Mumbai,18.887390642437467,72.84981530860351
V326,Truck,62,Govt,Available,Mumbai,19.237371824828283,73.02749401584573
V327,Ambulance,37,Govt,Under Maintenance,Mumbai,19.16871572071356,73.06701487672275
V328,Bus,25,NGO,In Use,Mumbai,18.926418700345145,73.09128050939768
V329,Jeep,25,Govt,Available,Mumbai,18.833642306460757,72.83130137893376
V330,Ambulance,5,Govt,In Use,Mumbai,18.93399863344219,73.05845414096493
V331,Truck,68,Govt,Available,Mumbai,19.256104118390763,72.86488928124706
V332,Jeep,35,NGO,Available,Mumbai,19.116589337447888,72.78949419058091
V333,Bus,58,Private,Available,Mumbai,19.160527330448936,73.05450872393206
V334,Jeep,50,Govt,Available,Mumbai,18.92857617555455,72.97263697212526
V335,Ambulance,54,NGO,In Use,Mumbai,19.15969407778741,72.80765581362837
V336,Bus,24,NGO,Available,Mumbai,18.814060753138964,72.90044094012954
V337,Truck,70,Private,In Use,Mumbai,18.98766067288651,72.85054019320697
V338,Bus,54,Private,Available,Mumbai,19.113376674271166,73.00787809904857
V339,Bus,63,NGO,Available,Mumbai,18.87304828277066,72.9086956807185
V340,Boat,42,NGO,Available,Mumbai,19.21150178722347,73.09624798078723
V341,Bus,58,Private,Available,Mumbai,18.91751564940596,72.76916074379086
V342,Bus,61,Govt,Available,Mumbai,19.126140556409222,72.87425534314768
V343,Jeep,55,Govt,Available,Mumbai,19.002598571287667,72.91866505848849
V344,Truck,71,Govt,Available,Mumbai,19.098021797738824,72.92609674416191
V345,Jeep,58,Private,Available,Mumbai,18.853725276314456,72.86057753783497
V346,Jeep,11,Private,Available,Mumbai,18.808456399960804,73.00523408718415
V347,Ambulance,41,Govt,Available,Mumbai,19.254782213690152,73.05616147572114
V348,Jeep,8,NGO,In Use,Mumbai,18.93481500438359,73.07855175569225
V349,Boat,39,Govt,Under Maintenance,Mumbai,19.20983850139023,73.03178268187983
V350,Boat,62,Govt,Available,Mumbai,19.2996751502361,73.0477030690573
V351,Ambulance,4,Private,Available,Mumbai,18.905715628999456,72.942690855217
V352,Truck,52,Govt,Available,Mumbai,18.932585370591678,73.03906087924938
V353,Truck,48,Govt,Under Maintenance,Mumbai,19.131429893817334,72.85622636820179
V354,Jeep,69,NGO,Available,Mumbai,19.28272431730031,72.88946756673822
V355,Jeep,77,NGO,Available,Mumbai,19.257907174095372,72.86091955483649
V356,Jeep,39,Govt,Available,Mumbai,19.051437760032794,72.91358556740677
V357,Truck,37,NGO,Available,Mumbai,19.19755514126336,72.84995286568352
V358,Bus,42,NGO,Available,Mumbai,18.86787292654995,73.08656400478905
V359,Boat,70,Govt,In Use,Mumbai,19.288719092102006,72.85949561980198
V360,Bus,14,Govt,Available,Mumbai,19.282176617017996,72.78431558833883
V361,Bus,59,NGO,In Use,Mumbai,18.881864478939587,72.93438600811764
V362,Truck,51,Govt,Available,Mumbai,18.949711562401554,72.76998467745581
V363,Bus,31,Private,Available,Mumbai,18.850077498753386,72.788690108208
V364,Ambulance,63,Private,Under Maintenance,Mumbai,18.93585879944909,72.82678628621869
V365,Jeep,26,Private,Available,Mumbai,19.207977894707604,72.91252258745875
V366,Ambulance,28,Govt,In Use,Mumbai,18.989157803582632,72.90163782630816
V367,Boat,52,Private,Available,Mumbai,18.84419848357338,73.02989215170098
V368,Jeep,79,Govt,Available,Mumbai,18.971112762389453,73.00881612885944
V369,Bus,58,Govt,Under Maintenance,Mumbai,19.29069166712064,72.89921140289674
V370,Boat,48,Govt,Available,Mumbai,19.1148417976296,72.86679647265147
V371,Jeep,40,Govt,In Use,Mumbai,19.00808047320308,72.86076407442152
V372,Bus,17,NGO,Available,Mumbai,18.883269256748637,73.0208982805529
V373,Ambulance,23,Govt,In Use,Mumbai,19.29308839864185,72.76822534217744
V374,Jeep,55,Govt,Available,Mumbai,19.210424504631565,72.75448757732872
V375,Bus,22,NGO,Available,Mumbai,18.94073865122546,73.02844053717432
V376,Ambulance,73,Govt,In Use,Mumbai,18.835034347860596,72.91700123159616
V377,Boat,17,NGO,Under Maintenance,Mumbai,18.82831277868878,72.79580839849375
V378,Boat,60,Govt,Under Maintenance,Mumbai,18.860189074752768,72.83244807710807
V379,Boat,32,Private,In Use,Mumbai,19.09038429180721,73.07637638358408
V380,Boat,43,Private,In Use,Mumbai,19.26438171060275,73.05082604146871
V381,Truck,75,Govt,Available,Mumbai,19.048371714002993,72.99842476757838
V382,Jeep,33,Govt,Available,Mumbai,19.221472741228098,72.91877883061807
V383,Jeep,60,Govt,Available,Mumbai,19.022943309929904,72.93211326916698
V384,Truck,35,Private,Available,Mumbai,19.154291772883912,73.09133558734938
V385,Bus,10,Govt,Available,Mumbai,19.16593636864325,73.08801965535949
V386,Bus,12,Govt,Available,Mumbai,18.88698185295167,72.82534416602505
V387,Boat,11,Govt,Available,Mumbai,18.980608029487907,73.03388659820686
V388,Ambulance,18,Govt,In Use,Mumbai,19.118651078269014,72.81903493315845
V389,Bus,69,Govt,Available,Mumbai,18.835348304092182,72.82473811725939
V390,Ambulance,49,Private,Available,Mumbai,18.98077009388148,72.98663256195759
V391,Jeep,53,Govt,Available,Mumbai,19.067399733140597,72.89175038450564
V392,Ambulance,26,Govt,In Use,Mumbai,19.29811224652232,73.07604054248728
V393,Jeep,22,Private,In Use,Mumbai,19.03726678131122,72.78115340721361
V394,Truck,66,Private,In Use,Mumbai,19.208028378557163,72.92903397428331
V395,Truck,64,Govt,Available,Mumbai,19.01603364253331,73.0714825356551
V396,Boat,52,Govt,Available,Mumbai,19.198195361309857,73.06643978116782
V397,Bus,37,Govt,Available,Mumbai,19.097707400810055,72.80478522469551
V398,Boat,67,Private,Available,Mumbai,19.2432977207512,72.87832319503376
V399,Jeep,16,Govt,Available,Mumbai,19.005471276175054,72.96669249001634
V400,Boat,40,Private,Available,Mumbai,19.10215220991074,72.80578820966998
V401,Ambulance,71,NGO,Available,Mumbai,19.115009340309413,73.088807760216
V402,Jeep,2,NGO,Under Maintenance,Mumbai,19.00869147090024,73.07016226505468
V403,Truck,24,Govt,Under Maintenance,Mumbai,18.872156021843743,72.80843256266206
V404,Bus,40,Govt,Available,Mumbai,18.846779703456168,72.79240441144134
V405,Jeep,58,Govt,Available,Mumbai,18.808335775299817,72.77989296898289
V406,Jeep,35,Govt,Available,Mumbai,19.23676713212261,73.06830528241282
V407,Ambulance,42,NGO,Available,Mumbai,18.918237456119346,72.8177683334284
V408,Bus,74,Private,Under Maintenance,Mumbai,18.905753374640884,72.89569972499052
V409,Truck,14,NGO,Available,Mumbai,19.168017700213035,72.9070979779782
V410,Jeep,71,NGO,In Use,Mumbai,18.960008056543696,72.95965386547475
V411,Jeep,7,Govt,Available,Mumbai,19.053022346205918,72.7751073703116
V412,Ambulance,53,Govt,Under Maintenance,Mumbai,18.88125553264873,72.82936551609018
V413,Boat,4,Govt,Available,Mumbai,19.279872860730986,73.07602163542163
V414,Truck,64,NGO,In Use,Mumbai,19.22579070000862,73.067943537544
V415,Bus,50,Private,Available,Mumbai,19.2318948114825,73.02345172659199
V416,Jeep,77,NGO,In Use,Mumbai,19.003386874286004,72.75679043596638
V417,Jeep,48,Govt,Available,Mumbai,19.181180606853587,72.86445236897363
V418,Truck,56,Govt,Available,Mumbai,18.871938077694892,72.96978555737002
V419,Boat,65,NGO,Under Maintenance,Mumbai,18.80430950129589,72.84631657412072
V420,Jeep,66,Govt,Under Maintenance,Mumbai,18.809986466289015,73.06835534326882
V421,Truck,68,Private,In Use,Mumbai,19.09330086870228,72.97186131164135
V422,Ambulance,16,Private,In Use,Mumbai,19.027697452623972,72.77516735106076
V423,Boat,33,NGO,In Use,Mumbai,19.05900767445426,73.06815195609249
V424,Bus,69,Govt,Available,Mumbai,18.803731570208612,73.08521833036167
V425,Jeep,19,Govt,Available,Mumbai,19.011343309828714,72.7771993464371
V426,Truck,44,Govt,Available,Mumbai,19.15903408060043,72.93632608220146
V427,Ambulance,36,Govt,In Use,Mumbai,19.02134685098372,72.85617749877495
V428,Bus,79,Govt,Available,Mumbai,19.166109603156112,72.88749367676849
V429,Truck,59,NGO,Available,Mumbai,18.916509482198418,72.81287792628437
V430,Truck,34,NGO,Available,Mumbai,19.206571002240864,72.95232523570434
V431,Bus,15,Govt,In Use,Mumbai,19.094215620226727,73.08529277363711
V432,Ambulance,35,Govt,Available,Mumbai,18.905381549714953,72.92607541009507
V433,Ambulance,62,Govt,Available,Mumbai,18.91836023792692,72.77902010348807
V434,Boat,5,Govt,Available,Mumbai,19.114015232284768,72.9670004667171
V435,Jeep,60,Private,Available,Mumbai,19.214969796606223,72.86907804805794
V436,Bus,30,Govt,Available,Mumbai,19.007813891014578,73.04957381635695
V437,Bus,7,Govt,In Use,Mumbai,18.929150214563798,72.90213735191077
V438,Bus,50,Govt,In Use,Mumbai,19.2335058034553,72.81749386312978
V439,Ambulance,41,Private,In Use,Mumbai,19.134634145875417,72.8168869679419
V440,Jeep,66,NGO,Available,Mumbai,19.024042743641537,73.0190674632524
V441,Boat,70,Govt,In Use,Mumbai,19.04395009763965,72.84295565940758
V442,Truck,28,NGO,Available,Mumbai,18.9021282339682,73.01853168795573
V443,Truck,7,NGO,Available,Mumbai,19.113401315032423,72.82206055876831
V444,Bus,14,Private,In Use,Mumbai,18.979371255271445,72.86259022904545
V445,Jeep,65,Govt,Available,Mumbai,19.297822588337176,72.91292044035389
V446,Ambulance,63,Private,Available,Mumbai,19.040091757630943,73.0801185473927
V447,Jeep,20,Private,In Use,Mumbai,19.042942803094807,73.07610599866383
V448,Jeep,77,Private,Available,Mumbai,19.082925893705337,72.8224051563978
V449,Ambulance,44,NGO,In Use,Mumbai,19.258378001559375,72.87537666443508
V450,Bus,75,NGO,Available,Mumbai,19.200409049929874,72.80228978595882
V451,Jeep,21,Govt,In Use,Mumbai,19.02556503489892,72.92849477775972
V452,Truck,69,NGO,Available,Mumbai,19.159349632986398,72.91120389274313
V453,Ambulance,45,NGO,Available,Mumbai,19.09311774939038,73.06526605685775
V454,Boat,24,NGO,In Use,Mumbai,19.046183524350624,73.07550188222687
V455,Bus,3,Govt,Available,Mumbai,18.896157886392174,72.88424858685255
V456,Ambulance,23,NGO,Available,Mumbai,19.031968131727446,72.92210828005665
V457,Boat,58,Private,Available,Mumbai,18.92290929351129,73.06368268720114
V458,Boat,73,Govt,Available,Mumbai,19.257421074925826,73.03234773271076
V459,Jeep,8,Private,Available,Mumbai,18.967703406748175,72.75127970897063
V460,Jeep,79,NGO,Available,Mumbai,19.276132007266686,72.86202084746425
V461,Jeep,57,Private,Under Maintenance,Mumbai,19.066527645047355,72.89762098467764
V462,Ambulance,68,Govt,Available,Mumbai,19.11577218933808,72.83040069928913
V463,Ambulance,17,Govt,Available,Mumbai,19.071470222244663,72.81985006556357
V464,Bus,52,Private,Available,Mumbai,18.86469030848335,72.76322457730849
V465,Jeep,73,Govt,Available,Mumbai,18.98791060950397,72.97517940377442
V466,Boat,13,Private,Under Maintenance,Mumbai,18.849573056138812,72.84187860166911
V467,Truck,54,Govt,Available,Mumbai,19.11147702209169,72.76832151245095
V468,Bus,76,NGO,Under Maintenance,Mumbai,19.02343709760022,72.83084275868482
V469,Ambulance,6,Govt,Available,Mumbai,19.18899248578547,73.03066988349264
V470,Bus,28,NGO,In Use,Mumbai,18.910235240499684,73.04802121357629
V471,Bus,13,Govt,Available,Mumbai,18.88228302921467,72.91907318581765
V472,Bus,18,Govt,In Use,Mumbai,19.003166115481886,72.89562473464304
V473,Bus,7,Govt,Available,Mumbai,19.26329269160919,73.09224879272561
V474,Truck,6,Govt,Available,Mumbai,19.155210907506206,72.82019763085583
V475,Jeep,58,Private,Available,Mumbai,19.00946181239646,72.82537574899911
V476,Boat,29,Private,Available,Mumbai,19.058636084877158,72.85215351196274
V477,Bus,79,Govt,Under Maintenance,Mumbai,18.84210650558855,72.81046506139838
V478,Bus,70,NGO,Available,Mumbai,19.292287948188058,72.88277795937147
V479,Bus,60,Govt,Available,Mumbai,19.13320365234746,73.0687919794464
V480,Jeep,34,NGO,In Use,Mumbai,18.94270203423171,72.96537174422
V481,Ambulance,63,Private,Available,Mumbai,19.09290419710762,72.8941812920143
V482,Ambulance,51,Private,Under Maintenance,Mumbai,18.8547411830345,73.07704377809992
V483,Truck,20,Govt,In Use,Mumbai,19.282918334403792,72.76696248136653
V484,Ambulance,70,NGO,Available,Mumbai,18.887392493941682,72.82359666226564
V485,Bus,67,Govt,In Use,Mumbai,19.124015159027607,72.94806101178561
V486,Bus,48,Private,Available,Mumbai,18.922727231269466,72.96544341811762
V487,Bus,40,Govt,Available,Mumbai,19.158780691324267,72.76384512729692
V488,Truck,69,NGO,Available,Mumbai,19.18841068362014,72.89106356526749
V489,Bus,34,NGO,Available,Mumbai,19.136709864455717,72.9772038876908
V490,Ambulance,14,NGO,In Use,Mumbai,19.1072497301276,72.99432469124119
V491,Jeep,55,Govt,Under Maintenance,Mumbai,19.246234546976005,72.97334896588069
V492,Jeep,8,Private,Available,Mumbai,18.83931335549488,72.86219712852632
V493,Boat,15,Govt,Available,Mumbai,18.965457382890097,72.78273204325927
V494,Ambulance,20,NGO,Under Maintenance,Mumbai,18.924143739815424,72.89948935624676
V495,Bus,55,Govt,Available,Mumbai,19.294006981032712,72.79506405307882
V496,Jeep,21,Govt,Available,Mumbai,18.994694889833436,73.08166828048223
V497,Ambulance,30,NGO,Available,Mumbai,19.1663063496202,72.91630980310792
V498,Jeep,25,Govt,Under Maintenance,Mumbai,19.142362581940503,72.8610407110249
V499,Bus,64,Govt,Available,Mumbai,18.90604061873869,73.01820642489162
V500,Jeep,75,Govt,In Use,Mumbai,18.919498840105778,72.92428200740379
V501,Boat,58,Govt,In Use,Mumbai,18.94064228177652,72.85851190840435
V502,Boat,9,NGO,Available,Mumbai,19.00556363912969,73.03418870983677
V503,Jeep,63,Private,Available,Mumbai,18.917162532825262,73.05350325285039
V504,Ambulance,30,Govt,In Use,Mumbai,18.809825741373423,72.98555285820103
V505,Ambulance,75,Govt,Available,Mumbai,19.2396965284036,72.76643754784268
V506,Ambulance,18,Govt,In Use,Mumbai,19.28280491569044,72.94821300805829
V507,Jeep,67,Govt,Under Maintenance,Mumbai,18.970785193515784,73.01715321919905
V508,Ambulance,7,NGO,In Use,Mumbai,18.969253439712737,72.79777605422926
V509,Bus,59,NGO,In Use,Mumbai,18.803545906387185,72.83003476298461
V510,Boat,70,Govt,In Use,Mumbai,19.140125344165188,73.05887328677385
V511,Bus,29,Govt,In Use,Mumbai,19.212719947874316,72.75704260264858
V512,Ambulance,63,Govt,Available,Mumbai,18.87330415018,73.01345449823908
V513,Bus,42,Private,Available,Mumbai,18.879833174683576,72.91582065238005
V514,Ambulance,70,Private,Available,Mumbai,19.19504162498572,72.90637025559386
V515,Jeep,42,Govt,In Use,Mumbai,19.108145374177074,72.7524837863732
V516,Bus,50,Govt,Available,Mumbai,18.822430278813858,73.03678938083827
V517,Jeep,50,Private,In Use,Mumbai,19.111273495231142,72.8759387152228
V518,Jeep,77,Private,Available,Mumbai,18.954458861421884,72.93926797095519
V519,Truck,72,Govt,In Use,Mumbai,18.984362577735425,72.98705524021747
V520,Ambulance,4,Govt,Available,Mumbai,19.18486570914844,72.99592035175327
V521,Boat,11,Govt,In Use,Mumbai,19.205467596336305,73.08459302058912
V522,Ambulance,36,NGO,Available,Mumbai,19.000178313419916,72.9359689836328
V523,Boat,3,Govt,Available,Mumbai,19.273576468003178,72.88990184284104
V524,Ambulance,25,Govt,Available,Mumbai,19.003231358976038,73.0837962692721
V525,Jeep,75,NGO,In Use,Mumbai,19.185918017615055,72.97473858225892
V526,Bus,39,Govt,Available,Mumbai,19.04193863228213,72.85435262469679
V527,Bus,23,NGO,Available,Mumbai,19.248766163261042,72.79426248589125
V528,Truck,27,Govt,Under Maintenance,Mumbai,19.25388062182509,73.04489407551281
V529,Boat,44,Govt,In Use,Mumbai,18.843708403935544,72.87676356097795
V530,Boat,56,NGO,Under Maintenance,Mumbai,19.268246665655113,72.98116440247755
V531,Boat,40,Govt,Available,Mumbai,19.21276742076021,72.91478574677807
V532,Jeep,30,Private,Available,Mumbai,19.195655357156333,72.81962542292827
V533,Boat,21,NGO,In Use,Mumbai,18.900455669842763,72.96059031301716
V534,Bus,42,Govt,Available,Mumbai,19.202559604377335,72.77123907413274
V535,Jeep,55,NGO,In Use,Mumbai,19.22506636734252,72.89466986095492
V536,Ambulance,21,Govt,Available,Mumbai,18.944575167227075,72.94131522888229
V537,Boat,20,Private,Available,Mumbai,19.27613003918116,72.9026164409415
V538,Boat,67,Govt,Available,Mumbai,18.82493007319958,73.01203526133784
V539,Ambulance,31,NGO,Available,Mumbai,18.87495462662357,73.03977373409086
V540,Boat,54,Govt,Available,Mumbai,19.068790569025758,73.0199350759116
V541,Ambulance,35,Govt,Available,Mumbai,19.087896235561157,72.76358453173412
V542,Jeep,23,Private,Under Maintenance,Mumbai,19.122575041650453,72.81794506965609
V543,Bus,68,Private,Available,Mumbai,18.808484564657736,72.93781262824231
V544,Ambulance,7,Govt,In Use,Mumbai,19.280183387311066,73.07718771415533
V545,Truck,28,Govt,In Use,Mumbai,18.822294046367073,73.04223487126823
V546,Ambulance,11,Private,Available,Mumbai,18.8715309763617,73.04488707792312
V547,Boat,74,Private,Available,Mumbai,18.80700725876303,72.85612286781588
V548,Jeep,49,Govt,In Use,Mumbai,19.083429216647048,72.90030676397754
V549,Jeep,71,Govt,In Use,Mumbai,19.266133441960488,72.91474708156058
V550,Ambulance,60,Govt,In Use,Mumbai,19.132973583040233,72.80508005417246
V551,Bus,60,Private,In Use,Mumbai,19.211328734240215,72.76087384558556
V552,Truck,3,Govt,Under Maintenance,Mumbai,18.806640601729292,73.08141601481118
V553,Jeep,30,Govt,Available,Mumbai,19.071007649239863,72.83424940498223
V554,Boat,69,NGO,Available,Mumbai,19.02978148875276,72.83398211630328
V555,Boat,66,Govt,In Use,Mumbai,19.049483972110398,72.77918266881906
V556,Bus,27,Govt,Available,Mumbai,18.836106592667594,73.07497771318032
V557,Jeep,11,Govt,In Use,Mumbai,19.142217680534653,72.95290799022892
V558,Ambulance,54,Govt,Available,Mumbai,19.051610207429317,72.98346289999387
V559,Boat,60,Govt,Available,Mumbai,19.182574424930632,73.06905191054206
V560,Bus,23,NGO,In Use,Mumbai,19.042645317030857,72.87096705911527
V561,Jeep,52,Govt,Available,Mumbai,18.874690818113216,72.96752755889833
V562,Jeep,49,NGO,Available,Mumbai,19.124128477038912,72.7635798091551
V563,Jeep,22,Private,Available,Mumbai,18.886193181052583,72.8153703848809
V564,Jeep,23,NGO,In Use,Mumbai,19.23619728167741,73.04093603178147
V565,Jeep,31,Govt,Available,Mumbai,19.106558119534622,73.01836892471842
V566,Boat,26,Govt,In Use,Mumbai,18.878601941778477,72.87272494201
V567,Bus,29,Govt,Available,Mumbai,19.281169028740603,72.88188371972097
V568,Jeep,66,Govt,In Use,Mumbai,19.05918273166766,72.93674405174374
V569,Truck,46,Govt,In Use,Mumbai,18.836449225935826,72.7500843516398
V570,Truck,69,NGO,Available,Mumbai,19.113416452207534,72.83443551761331
V571,Bus,8,Govt,Available,Mumbai,18.926599453506405,72.82288113301287
V572,Ambulance,50,Govt,Available,Mumbai,19.20184672593865,72.83766903136241
V573,Ambulance,10,Govt,In Use,Mumbai,19.208911036783096,73.0320670448867
V574,Ambulance,37,NGO,Available,Mumbai,19.289473677927333,72.84788584979125
V575,Truck,2,Govt,In Use,Mumbai,19.050934765512253,72.81703246271755
V576,Ambulance,11,NGO,Available,Mumbai,19.02747843986387,72.92649221127756
V577,Boat,37,Govt,Available,Mumbai,19.176737802723242,73.05297576273045
V578,Jeep,74,Private,Available,Mumbai,18.866235328170966,72.83447239634313
V579,Truck,47,Private,Available,Mumbai,19.073457756896563,72.77748768497747
V580,Bus,33,Govt,Available,Mumbai,19.073123800065424,72.87474165754737
V581,Bus,33,Govt,In Use,Mumbai,18.844736561405195,73.01167813859774
V582,Jeep,7,Govt,In Use,Mumbai,19.00899204275346,72.94274169064317
V583,Truck,49,Govt,Available,Mumbai,19.2266423992836,73.03587767935102
V584,Ambulance,39,NGO,Under Maintenance,Mumbai,19.22807681099733,73.08585725166323
V585,Ambulance,18,Private,In Use,Mumbai,18.849618832459843,73.02743186686307
V586,Boat,75,NGO,Under Maintenance,Mumbai,18.845360441373916,72.9613310775953
V587,Boat,28,Private,Available,Mumbai,18.931347738500968,72.92266955581833
V588,Ambulance,55,Govt,Available,Mumbai,19.237383031277,72.7640241802219
V589,Bus,51,Govt,Available,Mumbai,18.86445129253675,73.09451269258491
V590,Bus,36,NGO,In Use,Mumbai,19.159998401313725,72.88421839290126
V591,Boat,26,Govt,Available,Mumbai,18.850582809806554,72.8032798748709
V592,Jeep,29,NGO,Available,Mumbai,19.111568926873915,72.98334809938875
V593,Ambulance,16,Govt,Available,Mumbai,18.978033649559574,72.8495009011834
V594,Boat,5,Govt,Available,Mumbai,19.194456981482933,72.95502239482586
V595,Boat,74,Private,In Use,Mumbai,18.916845224412683,72.9553687677456
V596,Ambulance,28,Govt,Available,Mumbai,19.11960091469498,72.906005437316
V597,Ambulance,27,Private,Available,Mumbai,18.917841267287944,73.04264151544076
V598,Bus,20,Private,In Use,Mumbai,19.156830141556078,72.84273847154441
V599,Jeep,18,NGO,Under Maintenance,Mumbai,19.236839017280374,72.90702140706621
V600,Jeep,44,NGO,In Use,Mumbai,18.86340089956338,72.93819224500683
V601,Ambulance,42,NGO,Under Maintenance,Mumbai,19.233297844297752,72.98226865226854
V602,Truck,43,Private,In Use,Mumbai,19.09678762720715,73.02439014767695
V603,Boat,51,Govt,Available,Mumbai,18.863555245433513,72.88818254900738
V604,Boat,41,Govt,Available,Mumbai,19.013770927679857,72.9761164304338
V605,Ambulance,40,NGO,In Use,Mumbai,18.88043014674255,72.80271383357397
V606,Truck,24,Govt,In Use,Mumbai,19.150173944433284,73.07642683518986
V607,Bus,53,Govt,In Use,Mumbai,19.179434067208977,72.88407058224735
V608,Ambulance,48,Govt,Available,Mumbai,18.8528982601364,73.00533249769175
V609,Ambulance,64,NGO,Available,Mumbai,19.053069926347323,72.75711937865876
V610,Boat,70,Private,Available,Mumbai,19.20731252801296,72.82181550001668
V611,Ambulance,44,Govt,Available,Mumbai,19.2680815207755,72.92047889051325
V612,Ambulance,49,Private,Available,Mumbai,19.056758933370887,73.05738836370632
V613,Ambulance,35,NGO,In Use,Mumbai,19.275139611805706,72.93453930248273
V614,Boat,41,Private,Available,Mumbai,19.067844485228015,73.07545466880285
V615,Bus,76,NGO,Available,Mumbai,18.997095247299956,72.91932891380398
V616,Bus,62,NGO,Available,Mumbai,19.22410156427645,72.92165718385758
V617,Ambulance,51,Govt,In Use,Mumbai,19.046491355229044,72.79191137597519
V618,Boat,68,Private,Available,Mumbai,19.035951255282264,73.03092968545327
V619,Bus,63,Govt,Available,Mumbai,19.045156244704916,72.83643789436347
V620,Bus,59,Private,Available,Mumbai,19.223392500934875,73.06486437128031
V621,Bus,34,Private,Available,Mumbai,19.215970770844027,73.06878847711563
V622,Boat,76,Govt,Under Maintenance,Mumbai,19.001759996220105,73.08015853915595
V623,Boat,17,Govt,Under Maintenance,Mumbai,18.96664992993526,72.93208067118609
V624,Ambulance,49,NGO,Available,Mumbai,19.045964012019564,72.98698282467427
V625,Jeep,11,Govt,Available,Mumbai,19.086386254868554,73.02248055802158
V626,Bus,39,Private,In Use,Mumbai,18.919168605314,72.79585511652766
V627,Jeep,20,Govt,Available,Mumbai,19.196977542357796,72.96033501824913
V628,Boat,37,Govt,Available,Mumbai,19.043241382866213,72.76200426545616
V629,Boat,60,Private,Available,Mumbai,18.96702277420998,72.92414812918605
V630,Boat,64,NGO,Under Maintenance,Mumbai,18.853410496481995,72.80419493856708
V631,Jeep,78,Private,Available,Mumbai,18.919422580201804,72.81402302408672
V632,Boat,47,Govt,Available,Mumbai,19.274640585877993,72.8777666483424
V633,Ambulance,4,NGO,In Use,Mumbai,18.952549843409763,72.90135300835077
V634,Boat,75,NGO,Available,Mumbai,18.884429644683518,72.96811034858626
V635,Truck,66,NGO,Available,Mumbai,19.030336395827497,72.77604994645348
V636,Jeep,9,NGO,Under Maintenance,Mumbai,18.953543871680125,72.9262921164331
V637,Truck,52,NGO,Available,Mumbai,18.817579625135597,72.81391879558858
V638,Boat,74,Govt,In Use,Mumbai,18.96157260863971,72.9508913112611
V639,Ambulance,7,Govt,Available,Mumbai,19.072054311969737,72.9730916142914
V640,Bus,40,NGO,Available,Mumbai,19.075856186009982,72.9448482397935
V641,Boat,61,Govt,Available,Mumbai,18.978279460588446,73.0084034286674
V642,Ambulance,29,NGO,Available,Mumbai,19.023651378126303,72.86746323548431
V643,Jeep,55,Govt,Available,Mumbai,19.282758959117384,73.01778730707159
V644,Truck,38,NGO,In Use,Mumbai,18.988674238615157,72.90146847859786
V645,Truck,10,NGO,Available,Mumbai,18.92911340662999,72.9194645744129
V646,Truck,57,Govt,Available,Mumbai,18.92173352203338,72.97683574454138
V647,Jeep,60,Govt,Available,Mumbai,19.028882306352067,72.75642543439973
V648,Ambulance,3,Govt,In Use,Mumbai,19.179760074358473,72.97889797749708
V649,Jeep,62,NGO,Available,Mumbai,18.902994092094236,72.96650480217524
V650,Truck,59,Private,Available,Mumbai,19.154648063570384,72.85844649086364
V651,Boat,61,Govt,Available,Mumbai,18.81057491167471,72.78002799971482
V652,Bus,41,NGO,Available,Mumbai,19.009466488991972,72.78182740746956
V653,Jeep,37,Govt,Available,Mumbai,19.187932532601394,73.07312831144482
V654,Jeep,38,Govt,In Use,Mumbai,18.969366477887217,72.99124776242904
V655,Ambulance,19,Private,Available,Mumbai,19.0818685507227,72.79448591481976
V656,Ambulance,64,Govt,Available,Mumbai,18.902489616412957,72.87485310925811
V657,Jeep,23,Govt,Available,Mumbai,19.170997695563088,72.95736904786555
V658,Truck,12,Govt,In Use,Mumbai,18.82613955163438,73.04245009678172
V659,Bus,59,Govt,Available,Mumbai,19.22627132243775,72.76528132504956
V660,Ambulance,58,Govt,Available,Mumbai,18.899098193210836,72.8328215960145
V661,Truck,78,Govt,Available,Mumbai,19.237199015854166,73.06141214660337
V662,Boat,5,NGO,Available,Mumbai,18.97626462065026,72.75320794256433
V663,Ambulance,8,Govt,Available,Mumbai,19.161341787237244,72.82048968597786
V664,Truck,62,NGO,Available,Mumbai,18.959612648893096,73.08565846159053
V665,Truck,55,Govt,Available,Mumbai,19.252955835617325,72.96469064628276
V666,Bus,69,Govt,Available,Mumbai,18.863318562759186,72.84158497832313
V667,Bus,2,NGO,Available,Mumbai,18.8892598946363,72.77344688303855
V668,Boat,56,Private,Available,Mumbai,19.046515062579402,72.75986696915653
V669,Truck,4,Govt,Available,Mumbai,18.840969219519074,72.83566077787292
V670,Truck,79,Private,In Use,Mumbai,18.89799009235088,73.05852003685611
V671,Bus,39,NGO,Under Maintenance,Mumbai,19.271883191106006,72.89556977900412
V672,Ambulance,2,NGO,Under Maintenance,Mumbai,19.288244830573944,73.0021166792081
V673,Ambulance,39,NGO,In Use,Mumbai,18.988129664665212,73.07139976238298
V674,Jeep,30,Govt,In Use,Mumbai,19.26164301050697,72.89281416156098
V675,Bus,6,Govt,In Use,Mumbai,19.072412337836717,72.81694707986308
V676,Jeep,75,NGO,Available,Mumbai,18.934871232936885,72.93099127579993
V677,Bus,22,Govt,In Use,Mumbai,19.1511993605403,73.06782929047094
V678,Boat,72,Private,Available,Mumbai,19.12945090328743,73.0315310449482
V679,Truck,68,Govt,Available,Mumbai,19.294562659554366,72.7730404451771
V680,Boat,48,Govt,In Use,Mumbai,18.93252364370464,72.99240048002714
V681,Bus,36,NGO,Available,Mumbai,19.13602975133087,72.95016413286064
V682,Truck,69,Govt,Available,Mumbai,18.826011877514723,73.06761211172125
V683,Ambulance,70,NGO,Under Maintenance,Mumbai,18.85682301934836,72.79286849589761
V684,Ambulance,2,NGO,Available,Mumbai,18.801959187475546,72.93691263962162
V685,Jeep,69,Private,Available,Mumbai,19.299730340529837,73.05781194272916
V686,Bus,13,NGO,Under Maintenance,Mumbai,19.20113684857374,72.8935083253596
V687,Bus,61,NGO,In Use,Mumbai,19.19336150736677,72.9186982212065
V688,Ambulance,28,NGO,Available,Mumbai,19.05486303764409,72.77466123718344
V689,Boat,57,Private,Available,Mumbai,18.950033541452722,72.84735027415712
V690,Truck,24,Govt,Available,Mumbai,18.87563214223134,72.86357732720913
V691,Boat,26,Govt,In Use,Mumbai,18.94233736942323,73.0807928570607
V692,Boat,22,Govt,Available,Mumbai,18.98798561096457,72.84893357618941
V693,Ambulance,62,Govt,Available,Mumbai,19.178155048490147,72.91130405734438
V694,Ambulance,64,NGO,Available,Mumbai,19.069830894451577,72.9849565482475
V695,Ambulance,53,NGO,Available,Mumbai,18.838741813277743,72.80676418034275
V696,Jeep,26,NGO,Under Maintenance,Mumbai,18.809014504479457,72.92025483549965
V697,Boat,56,Govt,Available,Mumbai,18.851166089767034,73.00848866381656
V698,Bus,47,NGO,In Use,Mumbai,19.00524935684869,73.05339932455946
V699,Truck,33,Govt,Available,Mumbai,19.26659645852451,72.96919074613184
V700,Jeep,56,NGO,In Use,Mumbai,19.11870124060461,72.98416873036093
V701,Bus,6,NGO,Under Maintenance,Mumbai,19.20091294993776,72.7941992154046
V702,Boat,37,Govt,Available,Mumbai,19.033187297252276,73.08102177403622
V703,Ambulance,50,Govt,Available,Mumbai,18.98083304159752,72.79640092711956
V704,Boat,59,Govt,Available,Mumbai,18.854200186358312,73.02113552801363
V705,Truck,40,Private,In Use,Mumbai,19.237966511093102,72.84268571262241
V706,Jeep,62,Private,Available,Mumbai,19.191580014513953,73.07675760029544
V707,Jeep,10,NGO,In Use,Mumbai,18.884059048798864,73.00198583877932
V708,Truck,7,Govt,In Use,Mumbai,19.05613028193813,73.01383479954242
V709,Bus,36,Govt,In Use,Mumbai,19.04368740396062,72.82667071057095
V710,Bus,40,NGO,In Use,Mumbai,19.112545776343264,72.9050639918223
V711,Jeep,23,NGO,Available,Mumbai,19.27309344699563,72.96623461810624
V712,Jeep,42,Govt,Available,Mumbai,19.08988572088124,73.0194907663723
V713,Ambulance,6,Govt,Available,Mumbai,19.07010863338931,72.78638578156934
V714,Bus,43,NGO,Under Maintenance,Mumbai,18.825161466467332,73.08682786075907
V715,Truck,77,Govt,In Use,Mumbai,18.831453738009014,73.06157723469408
V716,Bus,68,Govt,In Use,Mumbai,18.893673395663395,72.84462200667345
V717,Ambulance,31,Govt,Available,Mumbai,18.816235385845875,73.03796608506131
V718,Jeep,58,NGO,Available,Mumbai,19.171676447785007,72.93141337306393
V719,Jeep,74,Private,In Use,Mumbai,19.16166515199698,72.9116322685467
V720,Ambulance,30,Private,Available,Mumbai,18.86802811721582,72.86005193703399
V721,Truck,38,NGO,Available,Mumbai,19.21803945039764,72.95333900532106
V722,Jeep,14,NGO,In Use,Mumbai,18.877393017423056,73.00546119119626
V723,Boat,33,Govt,Available,Mumbai,18.95058779349868,72.89382651673697
V724,Jeep,47,NGO,Available,Mumbai,18.924488449580682,72.9702267175529
V725,Boat,24,Govt,Available,Mumbai,18.986153549286524,72.99475952240435
V726,Ambulance,46,NGO,Available,Mumbai,18.92733188294498,72.99889263595534
V727,Ambulance,18,Govt,Under Maintenance,Mumbai,19.044475463219225,72.76818813434592
V728,Jeep,67,Govt,Available,Mumbai,19.003703940677344,73.05091173198977
V729,Bus,7,Govt,Available,Mumbai,19.293284745389663,72.91038866016777
V730,Boat,19,Govt,Available,Mumbai,18.827963175064113,72.84184562859367
V731,Truck,23,Govt,In Use,Mumbai,18.871090688193675,72.83461757761789
V732,Jeep,34,Govt,Available,Mumbai,18.826412946954303,72.91905493949538
V733,Truck,31,Private,Available,Mumbai,19.11292059749119,73.06039103881413
V734,Jeep,33,Govt,Available,Mumbai,18.82725463870686,72.88242165358892
V735,Bus,43,NGO,Available,Mumbai,19.218219868688063,73.01240401137423
V736,Bus,79,Private,Available,Mumbai,19.055969315340963,72.78388655584553
V737,Bus,11,Private,In Use,Mumbai,19.06350381229077,72.91661984575286
V738,Bus,37,NGO,In Use,Mumbai,19.080797253856097,73.09709014913746
V739,Ambulance,35,Private,Available,Mumbai,18.885406853153107,73.01965323097731
V740,Ambulance,74,Govt,Available,Mumbai,18.898845151557243,72.82368497095422
V741,Boat,29,Govt,Under Maintenance,Mumbai,18.959408661436502,72.92550451579426
V742,Truck,12,Govt,Available,Mumbai,19.096748207910927,72.831768667277
V743,Jeep,79,NGO,In Use,Mumbai,18.905058887970107,72.89334632454188
V744,Jeep,40,NGO,Available,Mumbai,18.858165863566633,73.02302940830724
V745,Ambulance,48,Govt,Under Maintenance,Mumbai,19.285058443209216,73.01992868535163
V746,Jeep,20,Govt,In Use,Mumbai,18.81099090740481,72.82983513226583
V747,Ambulance,16,NGO,Under Maintenance,Mumbai,19.20134870266801,73.0727781613542
V748,Boat,29,Govt,In Use,Mumbai,19.194017574787512,72.95739886396768
V749,Truck,25,NGO,Available,Mumbai,18.948607056922548,72.8829735018367
V750,Boat,73,NGO,Under Maintenance,Mumbai,18.867813308003658,72.9256774532733
V751,Bus,10,NGO,Available,Mumbai,18.872814323352713,72.9617749387032
V752,Bus,48,NGO,Available,Mumbai,19.148715808618597,72.94596168614602
V753,Bus,34,Private,In Use,Mumbai,19.121403295543086,72.92024176243766
V754,Boat,63,Govt,In Use,Mumbai,19.191372837125694,72.92672648143129
V755,Jeep,20,NGO,Under Maintenance,Mumbai,19.268740586199552,72.81174416864975
V756,Truck,68,NGO,Available,Mumbai,19.145963681633297,73.03445651650664
V757,Bus,75,Govt,In Use,Mumbai,18.877925768275723,72.93961611197935
V758,Bus,41,Govt,In Use,Mumbai,18.921721308382708,72.79587795159665
V759,Bus,48,Govt,Available,Mumbai,19.221096865436557,73.01815498555396
V760,Truck,66,Govt,Available,Mumbai,18.904653037917104,73.07635539243206
V761,Bus,30,NGO,Available,Mumbai,18.836261158477242,73.08155741473293
V762,Truck,51,Private,Available,Mumbai,19.151640027021127,72.87915620634391
V763,Bus,14,Govt,Under Maintenance,Mumbai,19.00126317774507,72.79743090574627
V764,Boat,2,Govt,In Use,Mumbai,19.26002002627295,72.93143986932157
V765,Boat,35,Private,In Use,Mumbai,19.12512753554683,72.78941323027223
V766,Truck,49,Govt,Under Maintenance,Mumbai,18.845209488895833,73.07689559647942
V767,Boat,78,Govt,Available,Mumbai,19.27392828362683,72.8142528695743
V768,Truck,49,NGO,In Use,Mumbai,18.929278631820125,72.83846805098291
V769,Boat,50,NGO,Available,Mumbai,18.968606245203144,72.89232278440974
V770,Boat,65,Govt,In Use,Mumbai,19.001130206841772,72.8841075639957
V771,Truck,62,Govt,Available,Mumbai,18.825612148202158,73.02813201233926
V772,Jeep,30,Govt,Under Maintenance,Mumbai,19.048257711115305,72.90971088719283
V773,Boat,40,NGO,Available,Mumbai,18.86165924553765,72.80976889100117
V774,Bus,27,NGO,Available,Mumbai,19.000485163344177,72.84352346342013
V775,Jeep,18,Govt,In Use,Mumbai,18.975354893996045,72.92818968481564
V776,Truck,72,NGO,Available,Mumbai,19.18642004171325,72.80160887109915
V777,Jeep,14,Private,In Use,Mumbai,19.201585255816365,72.9640794864761
V778,Ambulance,70,Govt,Available,Mumbai,18.876706441194546,72.9480115572929
V779,Ambulance,27,Govt,In Use,Mumbai,18.983275593689612,73.00014581073378
V780,Boat,50,NGO,Available,Mumbai,18.986676580515915,73.07819661538278
V781,Boat,68,Govt,Available,Mumbai,18.875705221968044,73.0692890963854
V782,Bus,8,Govt,Available,Mumbai,19.199226752525597,73.08112646632408
V783,Jeep,59,NGO,Available,Mumbai,19.153614164167713,72.8356504589583
V784,Ambulance,50,Private,Available,Mumbai,18.895190893148516,72.79604785732377
V785,Boat,54,Private,Available,Mumbai,18.9833609542969,72.85579684517376
V786,Jeep,66,NGO,Available,Mumbai,18.85290251242826,73.0632798104682
V787,Boat,63,NGO,Available,Mumbai,19.114103298546524,73.09021871611822
V788,Boat,18,Govt,Available,Mumbai,18.86068596227431,73.05076373287466
V789,Ambulance,44,NGO,In Use,Mumbai,19.29296708431246,72.78850620239464
V790,Ambulance,26,Govt,Available,Mumbai,19.19034103734393,73.08159979932093
V791,Boat,4,Govt,Available,Mumbai,18.995119274792,72.89817530957278
V792,Truck,30,NGO,In Use,Mumbai,19.089281966139676,72.75325860176683
V793,Boat,33,NGO,Available,Mumbai,19.255670908108204,72.90483780926186
V794,Boat,27,Govt,In Use,Mumbai,19.077049640197913,72.76612420938642
V795,Bus,17,Private,Available,Mumbai,18.88724924319898,72.94035727240639
V796,Bus,26,Govt,Available,Mumbai,18.98935167779058,72.86849390960296
V797,Bus,55,Govt,Available,Mumbai,19.221572432514872,72.91570222675792
V798,Truck,29,Govt,In Use,Mumbai,19.12210650799481,72.96460962626008
V799,Truck,74,NGO,In Use,Mumbai,19.1253621921669,73.05408038353623
V800,Boat,57,NGO,Available,Mumbai,19.233410742844246,72.98166555176518
V801,Bus,66,Govt,Available,Mumbai,19.246986528731252,72.90191710396736
V802,Truck,42,NGO,Under Maintenance,Mumbai,19.25989628588972,73.03679974878462
V803,Ambulance,52,Govt,Available,Mumbai,18.847424596626578,73.0669537481506
V804,Boat,72,NGO,Available,Mumbai,19.07206300098155,72.79191598825126
V805,Jeep,79,Govt,Under Maintenance,Mumbai,19.17025476060916,72.93617654214347
V806,Boat,30,Govt,In Use,Mumbai,19.178463422563507,72.84957918590986
V807,Jeep,20,Private,Available,Mumbai,19.103358100985,72.76647141925693
V808,Bus,67,Govt,In Use,Mumbai,18.88339366759184,72.98399134328989
V809,Jeep,42,Govt,In Use,Mumbai,19.198710276970832,73.05196977211072
V810,Bus,46,NGO,Available,Mumbai,19.160055666757472,72.80701592906709
V811,Ambulance,16,Private,Available,Mumbai,18.84306788577452,73.03434478016835
V812,Jeep,4,Govt,Available,Mumbai,19.03190491233719,73.04868850673792
V813,Boat,12,Govt,Under Maintenance,Mumbai,18.886988699760902,73.07001915493326
V814,Bus,54,Govt,In Use,Mumbai,18.968738522856487,72.84284978118012
V815,Boat,47,NGO,Available,Mumbai,18.809040546102842,73.06638357281646
V816,Truck,31,Govt,In Use,Mumbai,19.00016493420538,72.86223196415774
V817,Bus,58,NGO,Available,Mumbai,19.074938460578107,72.94331830470942
V818,Jeep,19,Private,Available,Mumbai,19.109791296413544,72.7676776147913
V819,Bus,52,Govt,Available,Mumbai,19.131745172564354,72.76535838092906
V820,Boat,49,Govt,Available,Mumbai,19.21814565655123,73.00213062445627
V821,Ambulance,67,Govt,In Use,Mumbai,18.907731453637865,72.90556799229222
V822,Bus,9,Govt,Available,Mumbai,18.860240911219236,72.83970233137923
V823,Jeep,23,Private,In Use,Mumbai,19.225768585948963,72.81664472360872
V824,Truck,7,Govt,Available,Mumbai,18.878306407446324,72.98448372180073
V825,Ambulance,77,Govt,Available,Mumbai,19.287380040668097,72.75014054040886
V826,Truck,58,NGO,Under Maintenance,Mumbai,19.221269114699318,73.0320619092189
V827,Bus,37,Govt,Available,Mumbai,19.0504383029448,72.77773736214547
V828,Boat,58,NGO,Available,Mumbai,19.290710712461014,72.81702136521784
V829,Boat,50,Govt,Available,Mumbai,18.848688364554004,72.88518273835469
V830,Jeep,46,Private,In Use,Mumbai,18.95153288058755,72.91970055890063
V831,Boat,67,Private,Available,Mumbai,19.119112207520306,72.87424829053488
V832,Ambulance,78,NGO,Available,Mumbai,18.97500343423659,72.8622492577445
V833,Boat,46,Private,Available,Mumbai,19.264186275990397,73.08737060422561
V834,Jeep,21,Govt,Available,Mumbai,18.83281304408891,72.97455288843518
V835,Bus,65,Govt,In Use,Mumbai,19.07470591603048,72.75820153437859
V836,Bus,68,NGO,Available,Mumbai,19.095433133697558,72.9005615679555
V837,Boat,4,NGO,Available,Mumbai,19.126364061888612,73.05625304491038
V838,Truck,55,Govt,Available,Mumbai,18.927833111665908,72.85550966524373
V839,Bus,79,Govt,Available,Mumbai,18.98228321375993,72.78309472067103
V840,Boat,65,Govt,Under Maintenance,Mumbai,19.22184026483249,73.01543467005646
V841,Jeep,41,Govt,Available,Mumbai,18.89747138448508,72.96210484117762
V842,Boat,60,Govt,Under Maintenance,Mumbai,19.21343392358668,72.94960937773928
V843,Bus,56,NGO,Available,Mumbai,19.081327711451372,72.7687517958626
V844,Jeep,63,Govt,Available,Mumbai,19.181093755597043,72.79917465342842
V845,Boat,5,Govt,In Use,Mumbai,19.156803683131738,72.96789228867459
V846,Ambulance,61,NGO,Available,Mumbai,18.90375574769244,72.8227383445106
V847,Jeep,76,NGO,In Use,Mumbai,19.084406368216936,72.92642452791195
V848,Ambulance,31,Private,Under Maintenance,Mumbai,19.233861576402546,72.94070859011029
V849,Truck,3,NGO,Available,Mumbai,19.016058118400966,72.84922751659482
V850,Jeep,63,Govt,Available,Mumbai,19.28329538511166,73.08194880443952
V851,Ambulance,50,Private,In Use,Mumbai,19.02610755005086,73.04486243739245
V852,Bus,10,NGO,Available,Mumbai,18.871392818333945,73.00283072767148
V853,Bus,32,Govt,Available,Mumbai,18.994717340038836,72.7772978532433
V854,Truck,62,NGO,Available,Mumbai,19.27585120319527,72.78714550675815
V855,Jeep,49,Private,Available,Mumbai,18.959860424669927,72.92247347105273
V856,Jeep,26,Govt,In Use,Mumbai,19.23404907993353,72.80624967221685
V857,Jeep,37,Govt,Available,Mumbai,19.240625340840946,73.09239291223531
V858,Truck,9,Govt,Available,Mumbai,18.97509326216598,72.80548208190959
V859,Jeep,74,Govt,In Use,Mumbai,18.841628829025318,72.92061374241239
V860,Bus,59,Govt,Available,Mumbai,19.16227895457941,72.87744236989452
V861,Ambulance,46,NGO,Available,Mumbai,18.955756149506993,72.97378524750893
V862,Bus,63,Govt,In Use,Mumbai,19.191461807128785,72.79516274311129
V863,Bus,40,Private,Available,Mumbai,19.021327424130217,72.90061074981483
V864,Ambulance,59,NGO,In Use,Mumbai,19.042633371171313,72.8461467614825
V865,Bus,65,NGO,In Use,Mumbai,19.188954703374268,73.06071303363508
V866,Truck,45,Private,Available,Mumbai,18.991181665530814,72.76420499924714
V867,Ambulance,30,Govt,Available,Mumbai,19.021563672661458,73.06980462290225
V868,Bus,60,Govt,Available,Mumbai,18.98809523438481,73.04154794849354
V869,Boat,72,NGO,Available,Mumbai,18.98367025763864,72.85414975075429
V870,Bus,10,Private,In Use,Mumbai,19.06297328845073,73.02625172913699
V871,Truck,7,NGO,In Use,Mumbai,19.204399722250574,72.76092474611856
V872,Jeep,30,Govt,Available,Mumbai,18.980884155961284,73.08840294260268
V873,Bus,59,Private,In Use,Mumbai,19.062127360268867,72.93430822990642
V874,Jeep,18,Govt,Under Maintenance,Mumbai,19.1353636627213,72.8561483591229
V875,Boat,17,Private,Under Maintenance,Mumbai,18.93471972315183,72.87690412440813
V876,Bus,4,Private,Available,Mumbai,18.938761402451195,72.77324187371117
V877,Ambulance,22,Govt,Available,Mumbai,19.26670656351173,73.09627232991471
V878,Jeep,65,NGO,Available,Mumbai,19.161767286665544,72.76375218080274
V879,Boat,37,Govt,Under Maintenance,Mumbai,19.088593338111654,72.97921749310174
V880,Ambulance,63,Govt,Available,Mumbai,19.123860027210306,72.90495757469726
V881,Ambulance,43,NGO,Available,Mumbai,18.81464972155171,73.08212067636605
V882,Ambulance,77,NGO,Available,Mumbai,19.10905148278085,72.83609990910738
V883,Ambulance,43,Private,Available,Mumbai,19.0547544366121,72.9362303883783
V884,Bus,62,NGO,Available,Mumbai,19.072874839889717,72.91882467300395
V885,Bus,14,Govt,Under Maintenance,Mumbai,18.97971191341541,72.99600325541753
V886,Bus,12,Private,Available,Mumbai,18.84073694885647,72.77380358118334
V887,Boat,55,Private,Available,Mumbai,18.896669616806026,72.81782619550818
V888,Boat,17,Govt,Available,Mumbai,19.275372356606336,72.8250976870325
V889,Boat,9,Private,Available,Mumbai,19.004349781135467,73.00835276419458
V890,Truck,60,Govt,Available,Mumbai,19.033341577915433,72.81619854371436
V891,Boat,58,Private,Available,Mumbai,18.82635489492672,72.95072211736183
V892,Bus,41,Govt,Available,Mumbai,18.818783114771993,72.82533533717533
V893,Bus,60,Govt,Available,Mumbai,19.15859072352338,73.05156873252939
V894,Truck,3,Govt,Available,Mumbai,19.069047332060556,73.07976490907137
V895,Truck,77,NGO,Available,Mumbai,19.054352992108136,72.93147254122978
V896,Boat,11,Govt,Under Maintenance,Mumbai,18.921562265211335,72.87330810947321
V897,Jeep,45,Govt,Under Maintenance,Mumbai,19.17237536581496,72.83192022125613
V898,Truck,12,NGO,Available,Mumbai,18.884118289554248,72.76742335053306
V899,Ambulance,3,Private,Available,Mumbai,18.89496737183051,72.84397502666913
V900,Bus,51,Govt,Under Maintenance,Mumbai,19.03035608567414,72.97898252298086
V901,Ambulance,13,Govt,Available,Mumbai,18.94313993105597,72.93676592595823
V902,Bus,24,Govt,In Use,Mumbai,18.923731490616575,73.08041444739833
V903,Bus,19,Govt,Under Maintenance,Mumbai,19.122618822276667,72.88869704187209
V904,Truck,63,Private,Available,Mumbai,19.12548587260927,72.99285216981494
V905,Truck,63,Private,Available,Mumbai,19.212258534899966,72.92126296161629
V906,Ambulance,39,NGO,Under Maintenance,Mumbai,19.00885428348649,72.92940167557347
V907,Bus,68,Govt,Available,Mumbai,18.836542545513076,72.84372101011144
V908,Ambulance,39,NGO,Available,Mumbai,18.93683319246073,72.9092327718947
V909,Jeep,68,NGO,Available,Mumbai,19.29000273159841,72.91477474895444
V910,Ambulance,62,Private,Available,Mumbai,19.098129287616352,72.99732488261212
V911,Boat,2,NGO,In Use,Mumbai,19.15486854240051,73.07922399971514
V912,Ambulance,46,NGO,In Use,Mumbai,18.803678914812707,72.86526244711888
V913,Boat,29,NGO,Under Maintenance,Mumbai,19.059102866091262,72.76477016400345
V914,Boat,22,Govt,Available,Mumbai,18.8187643287659,72.92370329392521
V915,Boat,14,Private,Available,Mumbai,19.084615106045725,72.9405614662522
V916,Jeep,28,NGO,Available,Mumbai,19.26038542481804,72.80895419289617
V917,Ambulance,8,NGO,Available,Mumbai,19.284209565250205,73.01616261219662
V918,Ambulance,23,Govt,Available,Mumbai,19.070276337694462,73.09472518795452
V919,Jeep,75,NGO,Under Maintenance,Mumbai,19.02910240262611,73.08102115095295
V920,Bus,54,NGO,In Use,Mumbai,19.272508547124247,72.81898711358828
V921,Truck,5,Govt,Available,Mumbai,19.136804915998347,73.05637713396526
V922,Ambulance,24,Govt,In Use,Mumbai,18.832449639769205,72.99657277274409
V923,Truck,71,NGO,Available,Mumbai,19.03286278883375,72.90884629733242
V924,Jeep,77,NGO,Available,Mumbai,18.920122509232154,72.93921384801365
V925,Bus,34,NGO,In Use,Mumbai,19.034902160724343,73.04736006124385
V926,Bus,29,Govt,Available,Mumbai,19.02773278600318,72.91804722887343
V927,Bus,9,NGO,Under Maintenance,Mumbai,19.09107240140737,72.88062257918679
V928,Jeep,2,Govt,In Use,Mumbai,18.978385245174625,72.9226366225591
V929,Boat,38,Govt,Available,Mumbai,18.882135224727964,72.95269543141227
V930,Boat,64,Govt,In Use,Mumbai,19.051859717294978,72.81617717882241
V931,Truck,23,Govt,Available,Mumbai,19.21510144217288,73.06531770559344
V932,Boat,71,Govt,Available,Mumbai,19.132006114033803,72.98596543209037
V933,Boat,22,Govt,Available,Mumbai,18.969183932962608,72.97164412106812
V934,Bus,36,Govt,Available,Mumbai,19.26776151137943,72.78482367916322
V935,Bus,6,Govt,In Use,Mumbai,19.256103785624592,72.9614608783604
V936,Truck,61,NGO,Available,Mumbai,18.90467419969205,72.79233623178347
V937,Ambulance,47,Govt,In Use,Mumbai,18.81970879256018,72.7775441863184
V938,Truck,51,Govt,Available,Mumbai,19.170654354175383,72.93455881347484
V939,Truck,49,Private,Available,Mumbai,19.213805130674576,72.89097493691627
V940,Jeep,7,Govt,In Use,Mumbai,19.283932282975677,72.95608359455467
V941,Jeep,57,NGO,Available,Mumbai,19.244918197044157,72.78122775882004
V942,Truck,60,Govt,Available,Mumbai,19.10026738410321,72.90084407199654
V943,Truck,30,Govt,Available,Mumbai,19.065026169606192,72.8111753502658
V944,Truck,72,NGO,Available,Mumbai,18.813920525631293,73.09548503007343
V945,Boat,78,NGO,Available,Mumbai,18.923328223422388,72.9464025743523
V946,Jeep,19,Private,In Use,Mumbai,19.029807375866465,72.9906029013293
V947,Truck,3,NGO,Available,Mumbai,19.114251950041783,72.86389639823891
V948,Bus,9,Private,Available,Mumbai,19.078625916659206,72.78315862017277
V949,Bus,76,Govt,Under Maintenance,Mumbai,19.171317994840845,73.09155480197423
V950,Boat,55,Govt,Available,Mumbai,18.939883465443522,72.85019066238411
V951,Boat,39,Govt,In Use,Mumbai,19.082476303826237,72.89833286481075
V952,Ambulance,49,Govt,Available,Mumbai,18.844071121695396,72.97745237259589
V953,Ambulance,28,NGO,Available,Mumbai,19.006832761791603,72.75864405419014
V954,Ambulance,21,NGO,In Use,Mumbai,19.1750804164773,73.03359069568104
V955,Boat,13,Govt,Available,Mumbai,19.146700426714524,72.93780236651001
V956,Boat,44,Private,In Use,Mumbai,19.29532136858609,72.84737601547408
V957,Boat,62,Private,Available,Mumbai,18.93894556299388,72.77156279485236
V958,Bus,32,Govt,Available,Mumbai,19.04909464958699,72.80687444541606
V959,Boat,62,Govt,Available,Mumbai,18.964765206886998,73.06326185059869
V960,Bus,75,Govt,Available,Mumbai,19.020301557029587,72.99010847837756
V961,Ambulance,68,Govt,In Use,Mumbai,19.228475064934695,72.8374656025729
V962,Ambulance,36,Govt,Available,Mumbai,19.142104537594243,72.77296026773077
V963,Ambulance,16,NGO,Under Maintenance,Mumbai,19.24122059567379,72.99171535933532
V964,Truck,17,Govt,Under Maintenance,Mumbai,18.901755554165945,72.95034270408871
V965,Truck,14,Govt,Available,Mumbai,19.23668055892072,72.89158183356038
V966,Jeep,36,Private,Available,Mumbai,18.829881137089192,72.87726400721652
V967,Jeep,76,NGO,In Use,Mumbai,19.24429964021858,72.82588499657518
V968,Jeep,60,Private,Under Maintenance,Mumbai,18.964536889730365,72.98436393978812
V969,Truck,22,Govt,Available,Mumbai,18.957293816707033,73.08973380972785
V970,Truck,55,Govt,Available,Mumbai,19.056044288349334,72.81150033604288
V971,Jeep,76,NGO,Available,Mumbai,19.270345093861618,72.95899081700543
V972,Jeep,31,Govt,In Use,Mumbai,18.823890682340704,72.8984647695111
V973,Boat,49,Govt,Available,Mumbai,18.976115487535374,72.90634105261063
V974,Jeep,36,NGO,In Use,Mumbai,19.228285994341668,72.83895154804473
V975,Boat,39,NGO,Available,Mumbai,18.998027238717736,73.03879720648149
V976,Bus,32,Govt,Available,Mumbai,18.899578448798533,72.91983946145153
V977,Truck,79,Govt,Available,Mumbai,19.012397090665708,72.9401920482694
V978,Jeep,25,Govt,Available,Mumbai,18.992776250745834,72.85666631947906
V979,Truck,50,Govt,Available,Mumbai,19.257708100733353,72.81363296298343
V980,Truck,33,Govt,Available,Mumbai,19.18096718787155,72.78006863587099
V981,Truck,56,Govt,Available,Mumbai,19.052557777872003,72.99994169932371
V982,Bus,59,Govt,Available,Mumbai,19.294185283360786,72.81868199859075
V983,Ambulance,4,Private,Available,Mumbai,19.032638765637962,72.99152637396608
V984,Jeep,70,NGO,Under Maintenance,Mumbai,18.829118915410138,72.88663175611643
V985,Ambulance,11,NGO,Available,Mumbai,18.931137160907493,72.89552118034638
V986,Ambulance,26,Govt,Available,Mumbai,19.018035240109658,72.91421212363247
V987,Ambulance,69,Govt,Available,Mumbai,18.87845131207306,72.87869797784464
V988,Truck,62,Govt,Under Maintenance,Mumbai,19.273782563162023,72.78521699202791
V989,Boat,30,Govt,Available,Mumbai,19.183424448908887,72.858371133501
V990,Truck,20,Govt,In Use,Mumbai,18.934143600213886,72.98230702624288
V991,Truck,44,NGO,In Use,Mumbai,19.09540226675896,72.9830245405141
V992,Ambulance,67,NGO,In Use,Mumbai,19.160724578554788,72.850178507534
V993,Truck,75,NGO,Available,Mumbai,19.2706394644534,72.91103591929519
V994,Ambulance,62,Govt,In Use,Mumbai,19.240817674587706,72.81770652980418
V995,Boat,44,Private,Available,Mumbai,19.057596113069106,72.82363022853544
V996,Jeep,26,Govt,Available,Mumbai,19.18732630989651,72.75806648094232
V997,Ambulance,21,Govt,In Use,Mumbai,19.08107237691379,73.0638612924677
V998,Boat,49,Govt,Available,Mumbai,19.076351945022772,72.82374733277622
V999,Jeep,25,NGO,In Use,Mumbai,18.857370979169097,72.82963685692776
V1000,Bus,12,Private,Available,Mumbai,18.86306882900808,72.8478605014258
